MW,CLogP,HBD,TPSA,RotBonds,SMILES
210.273,-0.209,0,46.340,3,Cc1noc(C)c1CC(C)C(=O)N(C)C
238.713,2.918,1,32.340,3,O=C(CN1CCCC1)Nc1cccc(Cl)c1
220.289,1.012,0,49.850,1,COC1CN(S(=O)(=O)N2CCCC2)C1
236.214,1.957,2,47.280,3,NC(=S)Nc1ccc(OC(F)(F)F)cc1
220.289,-0.158,1,66.480,2,CS(=O)(=O)NCC(=O)N1CCCCC1
245.249,3.078,1,38.330,4,O=C(COc1ccccc1)Nc1cccc(F)c1
248.301,2.290,1,51.220,4,COCC(=O)Nc1nc(-c2ccccc2)cs1
192.218,-0.394,1,59.810,1,Cc1nc2[nH]c(C(C)C)cc(=O)n2n1
239.744,2.545,1,32.500,3,NCCN1CCN(c2cccc(Cl)c2)CC1
226.295,0.819,1,63.400,1,Cl.N[C@H]1CCN(S(=O)(=O)c2ccccc2)C1
241.310,2.486,1,64.110,4,COC(=O)Nc1nnc(CC2CCCC2)s1
150.178,0.341,1,41.990,1,CC(=O)Nc1cnccc1C
220.291,1.024,0,33.200,2,Cc1ccn(Cc2csc(C)n2)c(=O)c1
215.226,0.723,1,86.460,3,COC(=O)c1ccc(S(N)(=O)=O)cc1
228.270,2.425,1,52.890,2,N#Cc1ccc(NC(=O)c2cccs2)cc1
207.272,0.901,1,45.230,3,CC(C)Nc1ncccc1C(=O)N(C)C
186.251,0.182,1,55.560,2,CC(C)C(N)C(=O)N1CCOCC1
179.219,-0.231,1,50.950,2,C1CC(c2nc(C3CC3)no2)CN1.Cl
159.183,-1.501,1,49.770,1,CC(=O)N1CCOC(CO)C1
227.303,-0.659,2,75.430,2,CC(C)(C)NC(=O)N1CCC(C(N)=O)CC1
191.273,3.089,1,37.810,2,c1cnc(NC2CCCCCC2)nc1
204.228,-0.573,1,59.290,2,CC(=O)NC(C)c1nnc2ccccn12
229.274,2.475,2,41.490,4,COc1ccc(NCc2ccccc2O)cc1
222.267,0.639,2,70.670,3,Cc1csc(CNC(=O)c2cc[nH]n2)n1
249.372,3.289,1,29.100,4,O=C(CSc1ccccc1)NC1CCCCC1
224.256,0.689,4,81.590,4,CC(CO)(CO)NC(=O)Nc1ccccc1
217.260,2.204,1,46.170,2,CC(C)NS(=O)(=O)c1ccccc1F
180.247,0.869,2,49.490,4,CCN(CCO)c1ccc(N)cc1
243.261,1.240,1,64.110,4,Cc1ccccc1OCC(=O)Nc1ncccn1
246.348,3.047,1,32.340,3,CCC(=O)Nc1ccc(N2CCC(C)CC2)cc1
140.137,1.816,0,39.440,3,CCOC(=O)c1ccoc1
247.240,3.243,1,29.100,3,O=C(Cc1ccc(F)cc1)Nc1ccc(F)cc1
247.333,2.918,0,29.540,4,CC(C)COc1ccc(C(=O)N2CCCC2)cc1
224.258,2.636,1,38.050,2,OCc1ccc(-n2cnc3ccccc32)cc1
231.251,3.838,3,78.270,4,Oc1ncc(NCCc2ccccc2)c(O)n1
242.295,0.423,2,75.270,3,CCNC(=O)c1ccc(NS(C)(=O)=O)cc1
208.257,0.719,0,34.590,3,COCC1CN(c2ccccn2)CCO1
157.253,1.634,1,23.470,3,CN(CCO)C1CCCCC1
196.634,1.834,1,41.990,2,O=C(NC1CC1)c1ccc(Cl)cn1
204.225,0.378,1,62.120,4,COc1ccc(CNC(=O)CC#N)cc1
217.221,1.608,2,62.470,2,Cc1ccc(NC(=O)c2ccco2)cc1O
182.243,0.848,2,47.280,2,COc1ccccc1NC(N)=S
241.285,3.380,1,38.330,4,CCOc1ccc(C(=O)Nc2ccccc2)cc1
204.268,2.239,1,41.990,3,Cc1cccc(C(=O)NC(C)C2CC2)n1
248.228,3.704,2,41.130,2,O=C(Nc1ccc(F)cc1)Nc1ccc(F)cc1
213.300,1.410,2,58.040,3,Cc1nsc(NC2CCCC2CO)n1
203.240,1.178,1,60.910,2,Cc1cc2ncn(CC(N)=O)c2cc1C
197.206,1.535,0,29.540,3,CN(C)C(=O)COc1cccc(F)c1
206.119,2.703,1,46.530,3,O=C(O)c1ccccc1OC(F)(F)F
229.253,1.277,1,72.470,3,COC(=O)c1cccc(NS(C)(=O)=O)c1
242.295,-0.818,2,89.260,4,CC(=O)NCCc1ccc(S(N)(=O)=O)cc1
241.285,2.591,2,49.330,4,O=C(CCc1ccccc1)Nc1ccc(O)cc1
224.323,1.606,0,33.200,1,CC1CCCN(C(=O)c2cscn2)CC1
243.218,0.812,3,83.370,2,O=C(Nc1ccc2[nH]c(=O)[nH]c2c1)c1ccco1
199.634,3.063,1,38.330,3,CCOC(=O)Nc1cccc(Cl)c1
227.323,2.894,0,37.380,3,CCN(CC)S(=O)(=O)c1ccc(C)cc1
216.231,0.016,1,33.090,3,FC(F)n1ccnc1CN1CCNCC1
238.349,1.947,0,23.550,2,CC(C)N1CCN(C(=O)c2cccs2)CC1
243.280,1.304,1,64.630,3,CCS(=O)(=O)NCc1ccc2c(c1)OCO2
158.241,-0.701,1,38.490,2,CN(C)C1(CN)CCOCC1
222.240,-0.025,2,67.430,4,COCC(=O)Nc1cccc(NC(C)=O)c1
222.264,1.760,1,55.130,3,Cc1cc(C(=O)NCc2cccs2)no1
210.248,1.581,1,34.150,2,Fc1cccnc1NC1CCCOCC1
207.269,2.620,2,49.330,4,CCC(CC)C(=O)Nc1ccccc1O
247.290,2.564,0,38.770,1,O=C(c1ccc2c(c1)OCO2)N1CCCCCC1
223.334,2.593,0,12.470,4,c1ccc(SCCN2CCOCC2)cc1
228.333,3.678,1,19.030,2,CC1CCN(Cc2c[nH]c3ccccc23)CC1
217.267,1.431,2,57.780,4,CCCC(=O)NCc1nc2ccccc2[nH]1
247.253,-0.008,2,81.070,3,COc1ccc(C)cc1NC(=O)Nn1cnnc1
159.183,-1.545,2,72.550,2,NC(=O)C(O)C1CCOCC1
248.278,0.797,1,58.640,2,CC(=O)c1cccc(NC(=O)N2CCOCC2)c1
241.288,3.483,2,54.020,2,Cc1cc(C)nc(NC(=O)Nc2ccccc2)c1
236.310,2.970,2,50.360,4,CCOc1ccc(NC(=O)NC(C)(C)C)cc1
221.274,-0.143,0,63.680,4,CCOC(=O)CN1CCS(=O)(=O)CC1
169.264,2.101,1,29.100,3,CNC(=O)CCC1CCCCC1
190.242,0.346,1,41.990,3,CC(NC(=O)C1CC1)c1cccnc1
191.183,1.437,0,59.320,4,COC(=O)COc1ccc(C#N)cc1
199.250,-0.223,1,52.650,1,CCNC(=O)N1CCN(C(C)=O)CC1
243.258,2.240,2,58.560,4,O=C(COc1ccccc1)Nc1ccccc1O
224.223,-0.052,1,46.330,3,Cl.N[C@@H]1CCCN(C(=O)CCC(F)(F)F)C1
140.183,-0.123,0,36.260,2,N#CCCN1CCOCC1
206.241,0.806,2,72.190,3,CC(C)C(=O)Nc1cccc(C(N)=O)c1
203.234,0.916,1,60.160,2,Cc1ccc(CS(N)(=O)=O)cc1F
223.247,0.687,1,49.570,1,NC(=O)N1CCN(c2ccc(F)cc2)CC1
171.283,-0.183,1,32.500,2,CN1CCN(CCN)CC1(C)C
205.213,0.676,3,70.230,2,CCC(=O)Nc1ccc2[nH]c(=O)[nH]c2c1
224.730,3.316,1,29.260,1,CC1CCN(c2ccc(N)cc2Cl)CC1.Cl
247.316,1.369,1,54.880,3,CCc1ccccc1NC(=O)c1snnc1C
175.136,-1.004,1,60.910,2,Cn1cc(C(N)=O)c(C(F)F)n1
159.183,0.871,0,38.770,2,CCOC(=O)N1CCOCC1
200.278,0.240,0,32.780,3,COCC(C)N1CCN(C(C)=O)CC1
241.245,1.428,2,70.920,3,O=C(NCc1nc2ccccc2[nH]1)c1ccco1
193.242,1.480,1,38.330,4,COCC(=O)NCc1ccc(C)cc1
134.135,0.837,0,45.910,1,COc1cccnc1C#N
170.252,0.567,1,46.330,1,CC(N)C(=O)N1CCCCC1C
245.340,3.325,1,29.100,3,Cc1ccc(CNC(=O)c2sccc2C)cc1
231.247,3.498,0,52.330,4,CCOC(=O)c1cc(-c2ccc(C)cc2)no1
244.256,3.216,1,29.260,2,Nc1cc(C(F)(F)F)ccc1N1CCCCC1
227.691,0.783,1,46.920,2,Cn1cc(Cl)c(C(=O)NC2CCCC2)n1
242.112,2.155,1,43.090,3,CC(Cc1ccc(Br)cc1)C(N)=O
230.241,0.554,2,112.480,3,COC(=O)c1ccc(S(N)(=O)=O)c(N)c1
180.227,2.126,1,48.140,1,COc1ccc2sc(N)nc2c1
236.310,3.393,1,55.130,4,Cc1cc(NC(=O)CCC2CCCCC2)no1
199.252,1.566,1,37.810,3,Cc1cncc(NCc2ccncc2)c1
186.155,2.247,0,26.300,3,CC(=O)c1ccc(OC(F)F)cc1
155.155,-1.551,2,81.140,3,NC(=O)c1cnn(CCO)c1
214.242,-0.312,2,89.260,2,CS(=O)(=O)Nc1ccc(C(N)=O)cc1
248.296,2.077,0,23.550,2,O=C(C1CC1)N1CCN(c2ccc(F)cc2)CC1
248.321,2.234,1,41.570,2,CC(C)c1ccc(NC(=O)N2CCOCC2)cc1
252.311,1.903,1,46.330,2,Nc1ccc(CC(=O)N2CCc3ccccc32)cc1
204.268,1.956,1,32.340,2,CNC1CCCN(c2ccccc2)C1=O
244.312,2.539,1,41.990,3,O=C(Nc1nccs1)[C@@H]1C[C@H]1c1ccccc1
227.259,2.306,0,33.450,1,Cc1occc1C(=O)N1CCc2ccccc21
222.302,2.673,1,15.270,3,CCN1CCC(Nc2ccccc2F)CC1
246.348,0.237,1,32.340,4,CC(=O)N1CCC(NCCc2ccccc2)CC1
247.268,2.040,1,46.920,4,CCn1cc(C(=O)NCc2ccc(F)cc2)cn1
171.194,0.155,2,66.400,3,CC(=O)NC(C)(C(=O)O)C1CC1
220.243,1.320,2,44.890,3,CC(=O)NCCc1c[nH]c2ccc(F)cc12
234.251,1.293,1,58.640,3,O=C1CN(C(=O)COc2ccccc2)CCN1
188.226,2.030,1,52.890,2,CC(C)C(=O)Nc1cccc(C#N)c1
214.262,0.535,1,50.800,2,O=C(NCC1CCCO1)N1CCOCC1
246.305,2.062,2,58.200,3,CC(=O)Nc1ccc(NC(=O)[C@H]2CC2(C)C)cc1
198.305,1.424,0,23.550,2,CC(C)C(=O)N1CCN(C(C)C)CC1
248.278,1.213,2,67.430,4,COc1ccc(CCC2(C)NC(=O)NC2=O)cc1
177.200,1.360,2,49.330,3,O=C(O)C1(Nc2ccccc2)CC1
181.189,0.289,2,58.560,3,COCC(=O)Nc1ccc(O)cc1
178.231,0.419,1,46.330,2,CCN(C)C(=O)c1cccc(N)c1
213.275,2.361,1,35.250,3,COc1ccc(C(N)c2ccccc2)cc1.Cl
203.197,2.299,1,68.010,2,Cc1ccccc1-n1cc(C(=O)O)nn1
226.295,1.347,1,63.400,1,CN1CCCc2ccc(S(N)(=O)=O)cc21
211.261,-0.678,1,62.390,3,Cc1noc(CN2CCC(CO)CC2)n1
174.199,1.043,2,44.890,1,CNC(=O)c1cccc2cc[nH]c12
247.290,3.071,1,55.400,4,COC(=O)c1ccc(NC(=O)C2CCCC2)cc1
193.203,-0.136,3,84.220,2,CC(=O)Nc1cccc(NC(N)=O)c1
236.214,1.957,2,47.280,3,NC(=S)Nc1ccccc1OC(F)(F)F
283.322,0.667,1,63.990,2,Cc1nn(C)c(C)c1NS(=O)(=O)c1cccc(F)c1
157.214,-0.968,2,44.370,2,CNC(=O)CN1CCNCC1
193.242,1.172,1,32.700,2,Oc1ccccc1CN1CCOCC1
175.209,-0.549,1,66.060,1,CN(C)S(=O)(=O)c1c[nH]cn1
194.252,-0.372,0,49.850,0,CN(C)S(=O)(=O)N1CCOCC1
205.217,-0.259,1,64.740,3,Cn1ccc(NC(=O)Cn2cccn2)n1
238.258,2.648,0,32.780,2,COC(=O)N1CCN(c2ccc(F)cc2)CC1
187.193,-1.345,2,77.840,1,CC(=O)N1CCCC(O)(C(=O)O)C1
238.349,3.516,1,41.990,4,Cc1cnc(NC(=O)CCC2CCCC2)s1
244.264,3.012,2,41.130,3,O=C(NCc1ccc(F)cc1)Nc1ccccc1
248.278,2.365,1,68.270,3,Cc1occc1C(=O)Nc1cc(C(C)(C)C)on1
193.242,1.751,0,29.540,3,Cc1ccccc1OCC(=O)N(C)C
194.187,-0.277,1,70.500,3,CN(CC(=O)O)C(=O)c1ccccn1
191.205,2.249,2,40.710,3,Fc1ccccc1CNc1cn[nH]c1
188.229,0.950,1,56.730,2,CC(N)c1cn(-c2ccccc2)nn1.Cl
169.264,1.673,1,21.260,3,C1CCC(NCC2CCCO2)C1
177.160,1.382,1,68.020,1,CC(=O)Nc1cccc2nonc12
178.231,0.262,2,55.120,2,CCC(=O)Nc1cccc(N)c1C
205.253,1.607,0,29.540,3,O=C(COc1ccccc1)N1CCCC1
227.250,3.051,1,29.100,3,CC(C)(C)CC(=O)Nc1ccc(F)cc1F
193.242,0.694,2,49.330,2,Cc1cc(C)c(NC(=O)CO)c(C)c1
208.260,-0.469,2,58.950,2,CNC(=O)c1ccn(C2CCCNC2)n1.Cl
200.235,-0.872,1,72.630,4,COC(=O)C1CCN(CC(N)=O)CC1
191.273,1.287,2,36.950,3,Cc1cccc(NCC2CCNC2)n1
203.234,1.369,1,46.170,2,CCS(=O)(=O)Nc1ccccc1F
205.210,1.340,1,55.380,3,Cc1occc1C(=O)NCc1ccco1
203.240,1.178,0,38.130,2,CN(C)C(=O)Cn1ncc2ccccc21
223.217,0.994,0,38.770,3,C[C@H]1CN(C(=O)COC(F)F)C[C@@H](C)O1
206.287,1.284,0,32.260,2,CC(C)N1CCN(c2ncccn2)CC1
231.171,2.178,1,46.170,3,CC(=O)c1cccc(NC(=O)C(F)(F)F)c1
218.318,3.554,1,38.910,2,CCc1ccc(-c2nc(N)sc2C)cc1
217.260,1.572,1,46.170,3,CCNc1ccc(S(C)(=O)=O)cc1F
240.276,2.244,1,35.820,4,N#Cc1ccc(CNCc2ccc(F)cc2)cc1
186.155,2.486,0,26.300,3,CCOC(=O)c1ccc(F)cc1F
245.360,2.756,0,20.310,3,CC(C)C(=O)N1CCC(Cc2ccccc2)CC1
235.239,0.333,1,81.160,3,CCc1noc(C)c1C(=O)Nc1cc(C)on1
210.230,0.057,0,55.570,1,Cc1cc(C(=O)N2CCOC(C)C2)on1
204.291,0.817,1,24.920,4,c1csc(CNCc2ccncc2)c1
225.208,1.018,0,29.540,2,CC1(C)CN(C(=O)CC(F)(F)F)CCO1
227.283,0.944,0,55.320,1,CC1CN(C(=O)c2cnsn2)C(C)CO1
189.178,2.393,1,12.030,3,CNCc1ccc(C(F)(F)F)cc1
215.312,-0.601,0,37.380,3,CC#CCN(C)C1CCS(=O)(=O)CC1
166.174,1.420,1,46.530,4,O=C(O)COCc1ccccc1
213.249,1.354,0,29.540,1,C[C@@H]1CC[C@H](C(=O)N2CCC=C(F)C2)O1
181.195,-1.069,2,87.900,1,Nc1[nH]nnc1C(=O)N1CCCC1
199.293,0.029,2,44.370,3,CC(C)NC(=O)CN1CCCNCC1
165.189,0.956,1,38.330,3,COCC(=O)Nc1ccccc1
176.172,0.204,0,48.150,2,COc1ccccc1-c1nnco1
212.272,0.509,1,58.120,1,CC1(C)CCN1C(=O)Nc1nncs1
209.242,1.980,0,42.680,3,CN1CCC[C@@H](OC(=O)c2ccco2)C1
115.174,0.237,1,23.470,1,CN1CCC[C@@H]1CO
203.240,1.307,2,68.010,3,NC(=O)c1ccnc(NC2CC=CC2)c1
185.220,0.874,2,66.400,3,CC(NC(=O)C1CCCC1)C(=O)O
211.233,1.341,0,29.540,3,CCOc1c(F)cccc1C(=O)N(C)C
122.168,0.013,1,24.920,2,CNCc1ccncc1
210.316,2.632,1,32.340,2,CC1(C)CN(C(=O)NCC2CC2)C1(C)C
237.725,2.835,1,29.100,4,C[C@@H]1C[C@H]1C(=O)NCCc1ccc(Cl)cc1
158.241,-0.172,2,49.490,2,CC(C)(O)CN1CC[C@H](N)C1
267.296,1.676,1,49.770,3,CC(Oc1ccccc1F)C(=O)N1CCCC(O)C1
247.745,1.322,0,38.250,2,CC1CN(Cc2nnsc2Cl)C(C)CO1
137.136,0.767,0,39.190,2,COC(=O)c1ccncc1
248.301,2.292,1,55.130,4,Cc1cc(NC(=O)CSc2ccccc2)no1
248.279,3.158,1,41.990,2,O=C(Nc1ccc2ncccc2c1)c1ccccc1
142.199,0.220,2,55.120,1,CC1CCNC(C(N)=O)C1
198.305,1.933,1,32.340,3,CNC(=O)CN(C)C1CCCCCC1
205.213,-0.168,0,59.230,3,CCc1nc(Cn2ccccc2=O)no1
238.326,-0.425,1,63.400,2,NC(=O)C1CCN(C(=O)C2CCCCC2)CC1
196.221,1.751,1,34.150,2,CC1CC(Nc2ncccc2F)CO1
173.167,-1.249,2,77.840,1,CC(=O)N1C[C@H](O)C[C@@H]1C(=O)O
247.313,2.379,1,38.330,3,COc1ccccc1NC(=O)c1ccc(C)s1
258.115,1.333,0,38.130,3,CN(C(=O)Cn1cc(Br)cn1)C1CC1
230.266,0.720,1,59.810,4,CCn1cc(CNC(=O)c2cccnc2)cn1
209.328,2.531,0,20.310,0,CC(=O)N1CCCC2(CCCCCC2)C1
229.235,0.805,1,64.110,3,CC(=O)Nc1ccc(Oc2ncccn2)cc1
163.216,1.162,1,43.090,2,CC(C)(C(N)=O)c1ccccc1
247.336,2.083,2,54.020,4,O=C(NCCc1ccncc1)NC1CCCCC1
210.248,1.406,1,36.360,1,CC1(C)CN(c2ncccc2F)CC1O
152.194,0.833,1,34.150,3,CNCc1cccc(OC)n1
156.225,-1.034,2,55.120,1,CC(=O)NC1CCC(N)CC1
234.294,0.908,1,41.570,3,CC(=O)Nc1ccc(CN2CCOCC2)cc1
233.328,0.236,1,55.400,2,O=S(=O)(NC1CCCC1)C1CCOCC1
235.305,3.064,0,42.160,2,c1csc(-c2nc(N3CCCCC3)no2)c1
196.170,-0.034,1,32.340,2,Cl.O=C(CC(F)(F)F)N1CCNCC1
237.278,2.391,2,63.250,2,CNC(=O)Nc1nc2ccc(OC)cc2s1
193.199,0.747,2,66.400,2,CC(=O)Nc1cccc(C(=O)O)c1C
163.238,0.604,1,46.170,1,CS(=O)(=O)NC1CCCC1
223.243,2.033,0,29.540,2,Cc1cccc(OC2CCN(C)C2=O)c1F
203.240,0.362,1,64.940,3,Cc1noc(CC(N)c2ccccc2)n1.Cl
205.296,2.901,1,21.260,4,COc1ccc(CNC2CCCC2)cc1
213.300,1.362,0,38.250,1,Cc1nsc(N2CC(C)OC(C)C2)n1
169.181,0.823,2,67.160,2,CCNC(=O)Nc1cc(C)on1
244.077,2.185,1,50.940,2,OCc1cn(-c2ccc(Cl)c(Cl)c2)nn1
243.283,-0.482,2,92.500,2,CN(C)C(=O)Nc1ccc(S(N)(=O)=O)cc1
193.199,1.153,2,66.400,3,Cc1cccc(C(=O)NCC(=O)O)c1
197.277,0.519,1,35.580,1,CN1CCN(C(=O)C2CCCN2)CC1
245.249,2.572,1,38.330,3,COc1cccc(C(=O)Nc2ccccc2F)c1
247.293,-0.587,2,75.430,2,NC(=O)C1CCN(C(=O)Nc2ccccc2)CC1
199.293,1.675,0,26.790,1,CC(C)N1CCN(C(=O)N(C)C)CC1
233.306,1.991,1,38.330,4,Cc1ccc(CC(=O)NC[C@@H]2CCCO2)cc1
201.220,-0.876,2,75.630,3,CC(=O)NC(C(=O)O)C1CCOCC1
226.274,2.639,2,41.130,3,CC(=O)Nc1ccc(Nc2ccccc2)cc1
200.278,-1.570,1,41.570,4,COCCNC1CCN(C(C)=O)CC1
203.234,0.866,1,60.160,2,Cc1cc(F)ccc1CS(N)(=O)=O
235.282,0.655,0,55.320,4,CCOC(=O)C1CCN(c2cnccn2)CC1
179.216,1.479,1,30.490,2,CNCC1COc2ccccc2O1
174.199,1.330,0,32.670,1,CC1=NN(c2ccccc2)C(=O)C1
175.187,0.525,1,60.910,1,Cn1nc(C(N)=O)c2ccccc21
192.301,2.513,1,15.270,4,CC(C)NCc1ccc(N(C)C)cc1
199.248,2.772,1,35.250,3,Nc1cccc(OCc2ccccc2)c1
193.246,-0.201,1,49.250,2,OCC1CCN(c2ncccn2)CC1
168.193,0.754,1,55.130,2,Cc1cc(C(=O)NC(C)C)on1
247.677,3.308,0,39.190,4,O=C(OCc1ccc(Cl)cc1)c1cccnc1
192.218,-1.807,1,70.710,2,Cc1nn(C)c(C)c1NC(=O)CC#N
227.691,0.929,0,38.130,1,Cn1ncc(Cl)c1C(=O)N1CCCCC1
246.262,2.229,1,64.360,4,Cc1ccc(OCC(=O)Nc2cc(C)on2)cc1
210.276,-0.258,1,68.180,3,CN(C)Cc1nc(C2(N)CCCC2)no1.Cl.Cl
221.279,1.014,1,46.920,3,Cn1nccc1C(=O)NCc1cccs1
189.207,1.193,1,60.160,1,Cc1cc(F)cc(S(N)(=O)=O)c1
139.155,1.455,1,47.040,2,CNc1nccc(OC)n1
227.691,1.162,0,38.250,3,CN(CC1CCOC1)c1ncncc1Cl
207.204,1.240,0,39.940,3,COc1ccc(Cn2ccnn2)cc1F
219.240,0.404,2,67.010,4,COCC(=O)NCc1nc2ccccc2[nH]1
214.242,1.356,2,81.420,4,CCOC(=O)Nc1sccc1C(N)=O
223.270,1.681,1,37.810,3,Cc1ncc(CNc2cncc(F)c2)s1
213.343,3.663,1,37.810,4,CC(C)c1nnc(NCC(C)(C)C)s1
151.163,0.724,2,49.330,1,CC(=O)Nc1ccccc1O
171.237,2.037,0,29.540,4,CCOC(=O)CN1CCCCC1
247.677,2.898,2,49.330,2,O=C(Nc1ccc(O)cc1)c1ccc(Cl)cc1
139.155,0.311,2,57.780,1,CC(=O)Nc1cc(C)n[nH]1
246.259,2.732,0,52.600,4,CCCc1cc(=O)oc2cc(OC(C)=O)ccc12
237.646,1.006,1,72.700,2,Cn1nnc(NC(=O)c2ccc(Cl)cc2)n1
238.306,1.622,0,61.170,3,Cc1ccc(S(=O)(=O)N(C)CCC#N)cc1
235.297,2.864,1,29.100,3,O=C(Cc1ccc(F)cc1)NC1CCCCC1
204.268,0.865,1,41.990,3,Cc1ccc(CNC(=O)C2CCC2)cn1
248.304,1.739,1,67.770,4,CCCc1nnc(NC(=O)c2ccccn2)s1
196.203,-0.107,1,64.350,2,O=C(O)c1ccnn1C1CCOCC1
210.584,2.987,1,24.920,2,CNc1ncc(C(F)(F)F)cc1Cl
180.200,1.862,1,46.530,4,CCOc1ccc(CC(=O)O)cc1
210.248,1.416,1,36.360,2,CCC1(O)CCN(c2ccc(F)cn2)C1
169.184,-0.560,1,72.700,2,CC(C)C(=O)Nc1nnn(C)n1
210.230,-0.262,1,64.360,3,Cc1cc(C(=O)NCC2CCOC2)on1
248.321,0.651,1,55.560,4,COc1cccc(CN2CCC(C(N)=O)CC2)c1
181.235,0.507,1,46.920,2,Cc1cc(C(=O)NC(C)C)n(C)n1
208.214,-0.059,2,81.420,4,COc1ccc(C(=O)NCC(N)=O)cc1
242.273,2.181,1,51.220,4,COC(=O)Nc1ccc(Cc2ccncc2)cc1
177.246,1.208,2,36.950,3,c1ccc(NCC2CCNC2)nc1
208.232,1.370,1,32.340,2,CNC1CCN(c2ccccc2F)C1=O.Cl
153.182,1.540,0,38.250,2,COc1ccnc(N(C)C)n1
239.261,2.747,0,20.310,1,O=C(c1c(F)cccc1F)N1CCCCCC1
206.241,2.679,2,62.220,3,CC(NC(=O)c1cccnc1O)C1CC1
233.306,2.853,1,38.330,4,O=C(COc1ccccc1)NC1CCCCC1
208.214,0.063,2,81.420,4,COCC(=O)Nc1ccccc1C(N)=O
211.688,2.069,1,23.470,2,O[C@@H]1CCN(Cc2ccc(Cl)cc2)C1
239.273,2.767,3,60.940,3,Oc1ccccc1CNc1nc2ccccc2[nH]1
242.273,2.200,2,64.350,4,NNC(=O)c1ccc(OCc2ccccc2)cc1
194.230,0.809,0,42.430,3,CCOc1ncccc1C(=O)N(C)C
166.220,0.610,1,52.890,2,N#CCC(=O)NC1CCCCC1
180.161,0.579,2,79.290,2,CNC(=O)c1cccc(C(=O)O)n1
231.294,2.370,1,54.880,4,O=C(NCCC1=CCCCC1)c1cnccn1
276.102,1.477,2,49.330,3,CC(O)CNC(=O)c1ccc(Br)cc1F
239.276,2.831,1,55.630,2,Cc1cccc(Nc2ncnc3c2cnn3C)c1
199.247,1.243,1,55.400,4,COC(=O)CNC(=O)C1CCCCC1
140.143,-0.333,2,70.670,2,CCNC(=O)c1c[nH]nn1
242.273,1.888,2,62.220,4,O=C(NCCc1ccc(O)cc1)c1ccccn1
191.226,0.572,0,29.540,0,CC(=O)N1CCOc2ccccc2C1
210.296,0.967,0,33.200,1,Cc1nc(C(=O)N2CCCC2)c(C)s1
215.266,2.811,1,12.030,4,Fc1ccc(CNCc2ccccc2)cc1
253.728,1.821,1,49.570,2,NCC(=O)N1CCN(c2ccc(Cl)cc2)CC1
239.334,1.422,0,37.380,2,Cc1ccc(CN2CCS(=O)(=O)CC2)cc1
166.177,1.052,1,65.210,3,CCOc1ncccc1C(N)=O
237.295,1.547,0,30.930,4,COc1ccc(CN2CCOCC2)cc1OC
207.272,0.861,1,46.920,3,Cc1c(C(=O)NCC2CCC2)cnn1C
206.244,0.717,1,72.110,3,CN(c1ccc(C(N)=O)nn1)C1CCC1
152.194,-1.736,0,44.100,0,CC(=O)N1CCC(C#N)CC1
234.316,-0.837,1,66.480,2,CC(C)NC(=O)N(C)C1CCS(=O)(=O)C1
235.713,2.472,0,30.270,2,N#CCN1CCN(c2cccc(Cl)c2)CC1
206.284,2.136,1,24.500,3,CCOc1ccccc1N1CCNCC1.Cl
233.268,2.532,0,41.610,2,N#Cc1ccc(Cn2cnc3ccccc32)cc1
225.268,-0.212,1,62.300,1,Cc1ncsc1C(=O)N1CCNC(=O)C1
233.238,2.277,1,42.240,4,O=C(NCCc1ccc(F)cc1)c1ccco1
209.245,0.433,0,47.360,2,CC1CN(C(=O)Cn2cccn2)CCO1
222.284,2.427,2,54.270,3,O=C(NCc1ccco1)NC1CCCCC1
224.279,1.021,0,48.150,3,COC(C)c1nc(-c2cnoc2C)cs1
239.312,3.312,1,23.470,2,Oc1ccccc1CN1CCc2ccccc2C1
191.205,1.633,2,40.710,3,Fc1ccccc1NCc1cc[nH]n1
218.295,3.142,1,41.990,3,O=C(CC1CCCCC1)Nc1cccnc1
210.248,1.641,1,34.150,3,Fc1cccnc1NCC1CCOCC1
234.316,-1.591,1,66.480,2,CC(=O)N1CCCC(CNS(C)(=O)=O)C1
245.249,2.777,2,49.330,2,Cc1ccc(NC(=O)c2cccc(F)c2)cc1O
270.126,1.705,1,45.230,1,CC1C(=O)NCCN1c1ncccc1Br
183.211,0.189,1,72.700,4,CCCC(=O)Nc1nnn(CC)n1
243.221,0.651,1,85.840,2,Cn1nnc(NC(=O)c2cc3ccccc3o2)n1
241.285,3.176,1,38.330,4,Cc1ccccc1OCC(=O)Nc1ccccc1
247.333,3.194,0,29.540,4,CCc1ccc(OCC(=O)N2CCCCC2)cc1
207.272,0.728,1,49.250,2,Cc1cc(N2CCCCC2)nc(CO)n1
231.251,2.266,1,56.150,3,COC(=O)Nc1cc(C)n(-c2ccccc2)n1
219.228,1.064,0,29.540,3,O=C(COC(F)F)N1CC2CCCC2C1
199.252,3.476,1,37.810,2,Cc1cc(C)nc(Nc2ccccc2)n1
208.257,0.795,0,46.340,3,Cc1cc(C(=O)N(C(C)C)C2CC2)no1
207.295,2.752,0,29.020,1,Cc1sc2ncnc(N(C)C)c2c1C
241.714,3.299,1,38.330,4,COc1ccc(Cl)cc1C(=O)NCC(C)C
227.687,1.923,2,49.330,3,CC(C)(CO)NC(=O)c1cccc(Cl)c1
245.241,2.772,0,12.470,3,FC(F)(F)c1ccc(CN2CCOCC2)cc1
230.284,0.122,2,83.630,3,CN(CCO)S(=O)(=O)c1ccc(N)cc1
207.315,2.078,2,40.710,3,Cc1n[nH]c(C)c1CNC1CCCCC1
158.198,-1.164,2,50.360,2,CC(=O)NCC1CNCCO1
219.228,1.064,0,29.540,3,O=C(COC(F)F)N1CCCC2(CC2)C1
194.230,0.787,3,61.360,3,C[C@H](O)CNC(=O)Nc1ccccc1
198.176,-0.082,1,81.430,4,COC(=O)CNC(=O)c1cc(C)on1
222.628,2.172,1,55.130,2,O=C(Nc1ccon1)c1cccc(Cl)c1
244.311,1.066,0,53.760,2,CS(=O)(=O)N1CCN(Cc2ccco2)CC1
179.216,1.752,2,49.330,2,CCC(=O)Nc1ccc(C)cc1O
229.250,3.174,1,29.100,3,O=C(NCc1ccccc1)c1cccc(F)c1
237.361,2.696,1,29.100,4,O=C(NCCc1cccs1)C1CCCCC1
187.241,2.015,0,30.710,3,CCCn1nccc1-c1ccncc1
129.200,1.179,1,23.470,1,CC(C)(C)N1CC(O)C1
234.251,0.215,2,81.420,3,NC(=O)c1ccc(NC(=O)[C@@H]2CCCO2)cc1
205.256,0.263,0,46.090,1,CC1CCCCN1C(=O)c1cnccn1
249.332,1.810,1,46.920,4,CCc1ccc(C(=O)NCc2cnn(C)c2)s1
237.646,0.287,2,71.840,2,O=C(Nc1ccc(Cl)cc1)Nn1cnnc1
235.279,2.372,1,47.560,4,CC(C)CC(=O)NCc1ccc2c(c1)OCO2
225.327,2.366,0,29.540,3,O=C(CCC1CCCCC1)N1CCOCC1
227.262,2.492,1,54.880,3,CCc1ccc(NC(=O)c2cnccn2)cc1
179.216,0.981,1,38.330,4,COCC(=O)NCc1ccccc1
195.233,2.032,0,12.470,2,Fc1cccc(CN2CCOCC2)c1
231.265,3.335,1,21.260,4,COc1ccc(NCc2ccc(F)cc2)cc1
209.220,1.183,0,36.440,1,CN1CCN(c2ncccc2F)CC1=O
210.296,0.706,1,41.990,3,Cc1csc(CNC(=O)C2CCC2)n1
217.312,1.352,1,54.880,3,CC(=O)Nc1nnc(SC(C)C)s1
244.264,1.396,1,41.990,4,O=C(NCCc1ccncc1)c1ccccc1F
269.223,0.888,1,46.920,3,Cn1cc(NC(=O)c2ccccc2C(F)(F)F)cn1
246.348,2.105,0,23.550,4,CC(=O)N1CCN(CCCc2ccccc2)CC1
246.305,-0.138,1,63.400,2,Cc1cccc(C(=O)N2CCC(C(N)=O)CC2)c1
245.360,3.646,0,20.310,2,CC(C)(C)C1CCN(C(=O)c2ccccc2)CC1
233.715,1.832,1,46.170,2,CC(NS(C)(=O)=O)c1ccccc1Cl
290.376,1.454,1,32.340,4,CNC1CCN(C(=O)C2(c3ccc(F)cc3)CCC2)CC1.O=C(O)C(F)(F)F
237.300,4.133,2,40.710,4,c1ccc(CCNc2nc3ccccc3[nH]2)cc1
222.245,2.970,0,43.600,2,c1ccc(-c2ccc(-n3cnnn3)cc2)cc1
219.283,0.872,1,49.570,1,Cc1ccc(N2CCN(C(N)=O)CC2)cc1
233.349,2.509,1,23.470,3,CC(C)c1ccc(CN2CCC(O)CC2)cc1
243.301,2.879,0,33.450,1,CC1CCN(C(=O)c2cc3ccccc3o2)CC1
209.245,1.983,1,68.020,3,Cc1noc(NC(=O)CC2CCCC2)n1
227.259,3.274,0,39.190,3,Cc1ccc(C)c(OC(=O)c2ccncc2)c1
209.245,-0.046,0,51.390,3,C1CN(Cc2nc(C3CC3)no2)CCO1
237.273,1.813,1,35.580,1,CN1CCN(C(=O)Nc2ccc(F)cc2)CC1
225.249,3.300,2,66.490,2,Cc1ccc(Nc2ncnc3[nH]ncc23)cc1
243.261,2.468,2,63.250,3,COc1ccc(NC(=O)Nc2ccncc2)cc1
231.294,3.049,1,46.920,4,CCCn1c(NC(=O)CC)nc2ccccc21
199.313,1.721,2,32.260,4,Cc1ccsc1CNC(C)(C)CO
209.308,1.957,1,23.470,2,Oc1cccc(CN2CCSCC2)c1
189.259,0.895,1,54.880,2,CSc1nsc(NC(C)=O)n1
221.274,-1.344,1,72.470,3,COCC(=O)NC1(C)CCS(=O)(=O)C1
247.293,1.029,2,61.440,4,O=C(NCCN1CCCC1=O)Nc1ccccc1
207.269,1.153,1,38.330,3,COCC(=O)Nc1c(C)cc(C)cc1C
239.225,-0.419,1,79.980,3,COC(=O)[C@@H]1C[C@@H](O)CN1C(=O)c1ccco1
248.278,0.113,0,53.760,2,O=C(c1ccco1)N1CCN(C(=O)C2CC2)CC1
203.240,1.991,1,46.920,2,CCn1c(NC(C)=O)nc2ccccc21
246.348,3.580,2,41.130,4,O=C(NCCc1ccccc1)NC1CCCCC1
243.265,1.765,1,72.700,3,O=C(Nc1ccc(-n2cnnn2)cc1)C1CCC1
215.269,0.099,0,50.520,2,O=S1(=O)CCN(Cc2ccco2)CC1
241.245,1.695,2,70.920,2,Cc1cc(C(=O)Nc2ccc3[nH]ccc3c2)no1
203.244,2.053,1,55.630,3,Cc1ccccc1CNc1nnnn1C
206.241,1.237,1,51.220,2,Cc1ccc(NC(=O)C2CCCO2)nc1
240.249,1.651,0,23.550,1,CN1CCN(C(=O)c2ccc(F)c(F)c2)CC1
224.690,1.974,0,35.640,3,CC(C)n1ccc(Cn2cc(Cl)cn2)n1
180.250,-0.010,1,33.090,2,Cn1cc(CN2CCNCC2)cn1
185.626,3.449,1,12.030,0,Fc1ccc(Cl)c2c1CCCN2
221.244,1.748,0,29.540,3,CC1CCC(C)(C)N1C(=O)COC(F)F
212.264,1.275,0,23.550,1,CN1CCCC1C(=O)N1CCC=C(F)C1
136.194,2.144,1,24.920,2,CCNc1ncccc1C
191.291,0.065,1,46.170,2,CNC1CCCCC1S(C)(=O)=O
192.261,0.110,1,41.050,2,CNC1CCCN(c2cccnn2)C1
233.328,0.196,1,55.400,1,CS(=O)(=O)NC1CCOC2(CCCC2)C1
214.237,1.368,0,32.780,0,O=C(N1CCOCC1)N1CCC=C(F)C1
221.191,0.436,1,72.700,2,Cn1nnc(NC(=O)c2ccc(F)cc2)n1
140.186,-0.633,1,42.740,3,CCNCc1cn(C)nn1
207.272,0.707,1,50.950,3,C1CC(Cc2nc(C3CC3)no2)CCN1
142.242,1.032,1,29.260,2,CC(C)(N)CN1CCCC1
229.271,1.094,0,37.380,2,O=S1(=O)CCCN1Cc1cccc(F)c1
160.216,1.409,0,27.030,2,CN(C)Cc1ccc(C#N)cc1
191.273,1.654,1,28.160,1,Cc1cccc(N2CCNC(C)C2)n1
140.183,-0.265,1,38.050,2,Cc1nccn1CC(C)O
173.253,-0.651,2,41.490,3,CC(C)(O)CNC1CCOCC1
209.260,2.266,1,21.260,4,Fc1ccc(CNC[C@H]2CCCO2)cc1
222.264,2.776,1,51.220,2,COC(=O)Nc1nc2c(C)cccc2s1
208.257,0.935,0,46.340,2,CN(C)C(=O)c1cc(C2CCCC2)no1
156.206,-0.706,1,41.990,2,CC(=O)NCc1cncs1
162.192,-0.322,1,42.220,2,CNCc1nnc2ccccn12
160.173,1.861,0,38.920,1,Cc1nc(-c2ccccc2)no1
240.343,3.060,0,8.170,3,c1ccc(CN2CCC(n3cccc3)CC2)cc1
203.234,1.865,1,46.170,1,CNS(=O)(=O)c1cccc(C)c1F
198.285,1.993,1,34.150,3,Cc1csc(NCC2CCCO2)n1
150.221,0.851,1,24.920,3,CCC(NC)c1ccncc1
219.692,0.284,0,38.250,2,Clc1snnc1CN1CCOCC1
209.242,1.192,2,50.720,4,C[C@H](O)CNCc1ccc2c(c1)OCO2
205.256,1.430,0,43.850,3,CCc1noc(C)c1Cn1ccc(C)n1
189.254,2.290,0,20.310,0,CC(=O)N1c2ccccc2CCC1C
198.289,0.357,1,41.050,1,Cc1nsc(N2CCCNCC2)n1
142.199,-0.466,2,41.130,2,CCC(=O)NC1CCNC1
233.306,1.663,0,29.540,4,O=C(CCCc1ccccc1)N1CCOCC1
201.653,0.908,1,49.250,3,CC(CO)N(C)c1ncc(Cl)cn1
239.698,2.227,1,38.330,2,Cc1c(Cl)cccc1NC(=O)[C@@H]1CCCO1
150.178,-0.390,0,33.200,1,CC(=O)N(C)c1cccnc1
207.294,0.189,0,43.860,0,CN1CCN(S(=O)(=O)N(C)C)CC1
199.230,-1.276,0,55.320,1,O=C(c1csnn1)N1CCOCC1
191.269,2.164,0,20.310,3,CCN(CC)C(=O)c1ccccc1C
198.649,1.528,1,41.990,3,CCCC(=O)Nc1cccnc1Cl
205.296,2.434,1,23.470,2,CC1C(O)CCCN1Cc1ccccc1
225.354,0.644,1,42.150,3,Cc1nc(CN2CCC(CN)CC2)cs1
210.276,-0.091,1,50.160,3,CC(C)NC(=O)N(C)Cc1cnn(C)c1
209.245,0.041,1,56.150,3,Cn1ccc(C(=O)NC[C@@H]2CCCO2)n1
222.259,2.348,1,32.340,3,O=C(CN1CCCC1)Nc1ccc(F)cc1
140.183,0.137,1,38.050,3,CC(O)CCn1cccn1
299.729,1.385,2,75.430,3,NC(=O)C1CCN(C(=O)NCc2ccc(F)c(Cl)c2)C1
248.321,1.590,1,41.570,3,Cc1cccc(NC(=O)CN2CCOCC2)c1C
226.338,1.535,0,25.360,3,COC1CN(Cc2cncs2)CCC1C
216.640,2.076,2,41.130,2,CNC(=O)NCc1c(F)cccc1Cl
197.209,0.729,0,42.160,2,Cc1noc(CN2CCC=C(F)C2)n1
140.183,-0.253,1,38.050,3,CCn1cc(CCO)cn1
205.318,1.978,0,37.380,1,CN(C1CCCCCC1)S(C)(=O)=O
157.210,0.714,1,40.540,1,CC1CCCN(C(=O)CO)C1
231.294,1.611,0,39.500,3,COc1ccccc1N1CCN(CC#N)CC1
209.245,-0.052,1,58.370,3,Cc1cc(CN(C)C(=O)NC2CC2)no1
227.302,3.492,1,29.100,3,CC(C)CNC(=O)c1ccc2ccccc2c1
209.220,0.985,1,45.230,1,CC1CN(c2ncccc2F)CC(=O)N1
207.315,2.638,2,40.710,3,CC1CC(C)(C)CC1NCc1cc[nH]n1
211.261,0.065,1,62.390,3,CCc1noc(CN2CCCC(O)C2)n1
197.209,0.729,0,42.160,2,Cc1nc(CN2CCC=C(F)C2)no1
176.258,1.359,2,24.060,3,c1ccc(CNC2CCNC2)cc1
226.295,1.157,1,51.220,3,Cc1cc(C(=O)NCC2CCCO2)ns1
142.242,1.231,1,29.260,2,CC1(C)CCCN1CCN
195.261,1.309,0,42.160,2,Cc1noc(CN2CCCCC2C)n1
179.216,2.139,1,38.330,4,CCOC(=O)NCc1ccccc1
226.295,0.528,1,51.220,2,Cc1csc(NC(=O)C2CCOCC2)n1
244.246,1.139,2,71.340,3,CNC(=O)c1ccccc1NC(=O)c1ccco1
172.268,0.663,1,24.500,3,CNC(C)(C)CN1CCOCC1
209.245,0.198,1,56.150,2,Cc1cc(NC(=O)C2CCCO2)n(C)n1
167.208,-0.146,1,41.300,2,c1cc(CN2CCNCC2)no1
142.199,-1.073,1,32.340,0,CC(=O)N1CCCNCC1
191.291,1.782,1,46.170,2,CNS(=O)(=O)CC1CCCCC1
144.215,-0.886,2,35.500,2,CC1CNCCN1CCO
229.278,2.579,0,51.810,2,c1cc(-c2noc(C3CCCCC3)n2)ccn1
211.688,2.602,0,12.470,2,Clc1cccc(CN2CCOCC2)c1
249.289,3.013,2,63.250,3,COc1ccc(NC(=O)Nc2cccs2)cn1
210.233,-0.205,2,73.800,1,O=C(c1nc(=O)[nH][nH]1)N1CCCCCC1
227.280,0.674,1,55.400,1,CS(=O)(=O)NC1CCOc2ccccc21
198.285,2.293,1,41.990,4,CCC(CC)C(=O)Nc1nccs1
179.219,0.056,1,48.990,2,CN(C)C(=O)c1cc(C2CC2)[nH]n1
212.289,0.567,1,49.410,2,CC(=O)NC(C)C(=O)N1CCCCCC1
246.237,1.121,2,62.220,2,Cc1cccc(O)c1NC(=O)c1ccncc1F
219.161,1.423,1,38.330,3,CC(=O)Nc1ccc(OC(F)F)cc1F
165.192,-1.227,1,60.910,1,NC(=O)C1CCCn2ccnc21
197.163,1.101,2,66.400,2,CC(=O)Nc1ccc(F)c(C(=O)O)c1
238.713,2.063,0,23.550,1,CC(=O)N1CCN(c2ccc(Cl)cc2)CC1
246.237,2.788,3,61.360,2,O=C(Nc1ccc(F)cc1)Nc1cccc(O)c1
245.277,0.808,1,65.360,2,N#Cc1ccc(CNC(=O)N2CCOCC2)cc1
248.321,2.200,1,55.130,4,Cc1noc(C)c1C(=O)NCCC1=CCCCC1
211.208,1.629,0,20.310,1,O=C(c1c(F)cccc1F)N1CCCC1
193.246,0.108,0,46.090,3,CCN(CC)C(=O)c1ccnc(C)n1
188.183,2.315,1,47.140,1,c1cc(-c2ccc3c(c2)OCO3)n[nH]1
222.208,0.860,1,32.340,3,CNC(=O)CN1CC=C(C(F)(F)F)CC1
165.192,-0.750,1,59.220,1,CN(C)C(=O)c1ccnc(N)c1
212.221,0.469,1,55.560,3,CN(C)C(=O)COc1ccc(N)c(F)c1
196.289,2.371,2,41.130,2,O=C1NCCNC1CC1CCCCC1
169.184,-1.499,1,77.040,2,CN(C)C(=O)Cn1cnc(N)n1
205.210,1.631,1,47.560,2,O=C(NC1CC1)c1ccc2c(c1)OCO2
233.306,0.731,1,38.330,3,CC(=O)NCC1(c2ccccc2)CCOCC1
248.321,2.432,0,32.780,3,Cc1ccc(OCC(=O)N2CCN(C)CC2)cc1
209.288,1.435,1,46.920,3,CCC(C)(C)NC(=O)c1cc(C)nn1C
240.300,3.408,1,41.990,3,CC(C)c1ccc(C(=O)Nc2ccccn2)cc1
139.155,-0.951,2,57.780,2,CC(=O)NCc1cn[nH]c1
191.226,1.780,1,38.330,1,COc1cccc2c1CCCC(=O)N2
191.187,0.319,1,74.170,2,COc1ccccc1-c1nnc(N)o1
199.638,0.658,1,68.870,2,CC(C)c1ncc(Cl)c(C(N)=O)n1
137.182,1.403,1,37.810,2,CCNc1ccc(C)nn1
242.295,0.570,0,59.500,4,CCOC(=O)c1sc(N(C)C(C)=O)nc1C
249.306,2.370,0,38.770,3,Cc1ccc(OCC(=O)N2CCOCC2)c(C)c1
227.283,-0.301,1,62.300,3,Cc1ncsc1C(=O)NCC(=O)N(C)C
222.305,0.676,0,49.850,1,CCC1CN(S(=O)(=O)N(C)C)CCO1
170.232,1.425,1,41.990,2,CCC(=O)Nc1nc(C)cs1
175.230,2.874,2,40.710,2,CC(C)Nc1nc2ccccc2[nH]1
142.199,-0.158,2,55.120,2,CNC1(C(N)=O)CCCC1
165.232,2.698,1,23.470,3,CCN(CC)c1cccc(O)c1
152.151,1.241,1,65.210,2,COC(=O)c1ccncc1N
167.208,-0.993,1,60.910,2,Cc1nn(C)c(C)c1CC(N)=O
225.268,0.176,1,62.300,3,O=C(CN1CCCC1=O)Nc1nccs1
191.187,0.147,3,70.230,1,CC(=O)Nc1ccc2[nH]c(=O)[nH]c2c1
226.338,1.389,1,41.990,3,Cc1nc(C)c(C(C)NC(=O)C(C)C)s1
193.246,0.167,1,45.230,3,CC(=O)NCc1ccnc(N(C)C)c1
188.186,0.357,2,70.670,2,O=C(Nc1cn[nH]c1)c1ccncc1
209.217,1.734,0,29.540,2,CN1CCC(Oc2cccc(F)c2)C1=O
252.311,1.903,1,46.330,2,Nc1ccc2c(c1)N(C(=O)Cc1ccccc1)CC2
204.268,1.201,1,32.340,1,CN(C)C(=O)c1ccc2c(c1)CCCN2
122.168,1.359,0,16.130,1,CN(C)c1ccncc1
205.296,2.874,2,32.260,3,Oc1ccc(CNC2CCCCC2)cc1
247.316,2.596,1,54.880,3,CC(C)c1ccc(C(=O)Nc2nncs2)cc1
208.260,0.789,1,59.810,3,O=C(CC1CCCCC1)Nn1cnnc1
223.227,0.912,1,54.880,2,O=C(Nc1nncs1)c1ccccc1F
212.289,0.303,1,41.570,3,COC1CCN(C(=O)NCC2CC2)CC1
139.155,-1.221,2,57.780,2,CC(=O)NCc1ncc[nH]1
140.140,1.147,1,54.980,3,CCOC(=O)c1cn[nH]c1
140.140,-1.478,1,52.900,2,O=c1ccncn1CCO
208.214,-0.239,1,70.500,2,Cc1nc(C(=O)N(C)C)ccc1C(=O)O
248.346,0.589,1,55.890,0,CN1CCN(S(=O)(=O)N2CCNCC2)CC1
211.190,1.042,1,57.610,3,CN(CC(=O)O)C(=O)c1ccc(F)cc1
232.301,2.434,1,41.990,3,Cc1ccc(CC(=O)Nc2nccs2)cc1
242.702,2.201,3,61.360,3,CC(C)(CO)NC(=O)Nc1ccc(Cl)cc1
228.268,0.175,2,89.260,3,CCC(=O)Nc1ccc(S(N)(=O)=O)cc1
181.235,1.259,1,46.920,3,CC(C)CNC(=O)c1nccn1C
217.260,1.372,1,46.170,3,CS(=O)(=O)NCCc1ccc(F)cc1
209.632,1.536,1,50.940,2,OCc1cn(-c2ccc(Cl)cc2)nn1
204.583,2.395,1,46.530,3,O=C(O)COc1ccc(Cl)c(F)c1
212.247,2.733,2,55.120,2,NC(=O)Nc1ccc(-c2ccccc2)cc1
157.253,1.349,2,32.260,3,CC(O)CNC1CCCCC1
235.304,0.464,1,69.720,1,CC(C)N(C)S(=O)(=O)N1CCNC(=O)C1
232.235,1.357,2,85.330,3,CCC(=O)Nc1c(C(N)=O)oc2ccccc12
205.210,0.908,2,66.400,3,O=C(NC1(C(=O)O)CC1)c1ccccc1
234.316,-1.291,1,66.480,2,CCS(=O)(=O)N1CCC(NC(C)=O)CC1
192.261,0.869,1,41.050,1,Cc1cc(N2CCNCC2)nc(C)n1
229.639,1.209,1,45.230,1,O=C1CN(c2ncc(Cl)cc2F)CCN1
199.270,1.002,1,60.160,3,CC(CS(N)(=O)=O)c1ccccc1
158.198,-0.038,1,43.780,1,CN1CCN(C(=O)CO)CC1
197.163,1.731,2,66.400,2,CC(=O)Nc1cccc(F)c1C(=O)O
149.190,0.903,1,43.090,2,Cc1ccccc1CC(N)=O
139.155,-0.657,1,48.990,1,CN(C)C(=O)c1cn[nH]c1
198.649,1.070,2,55.120,2,Cc1c(Cl)cccc1NC(=O)CN.Cl
251.280,2.591,2,56.190,3,N=c1sccn1CC(=O)Nc1ccc(F)cc1
217.199,1.639,1,54.880,2,O=C(Nc1cccc(F)c1)c1cnccn1
203.197,0.819,1,68.020,3,O=C(NCc1ccco1)c1cnccn1
166.177,1.122,1,65.210,3,CCOc1ccc(C(N)=O)cn1
206.201,-0.148,1,72.950,2,Cc1cc(C(=O)Nc2ccn(C)n2)on1
147.174,2.153,1,25.020,1,COc1cccc2[nH]ccc12
230.284,-0.252,0,63.410,1,Cc1cc(C2CCCN2S(C)(=O)=O)no1
166.217,2.534,2,40.460,1,CC(C)(C)c1cc(O)ccc1O
234.122,2.653,2,32.260,4,C[C@H](O)CNCc1c(Cl)cccc1Cl
237.273,1.288,2,44.370,3,O=C(CN1CCNCC1)Nc1ccc(F)cc1
220.291,2.128,0,25.360,1,c1ccc2sc(N3CCOCC3)nc2c1
203.197,0.236,2,70.560,1,CNC(=O)c1nc2ccccc2c(=O)[nH]1
147.177,1.382,1,48.710,2,CCNc1ccc(C#N)cn1
189.214,0.103,1,58.690,1,CC1=NN(c2cccc(N)c2)C(=O)C1
217.289,-0.547,1,63.990,2,Cc1c(C(C)NS(C)(=O)=O)cnn1C
170.252,-0.571,1,32.340,2,CN(C)C(=O)CC1CCNCC1.Cl
173.171,0.744,2,64.920,0,N#Cc1ccc2c(c1)NCC(=O)N2
272.138,1.833,2,49.330,3,Cc1cc(Br)ccc1C(=O)NCC(C)O
234.226,1.363,1,55.130,2,CNC(=O)c1c(-c2ccc(F)cc2)noc1C
235.305,1.628,1,51.380,1,Nc1ccc2nc(N3CCOCC3)sc2c1
212.244,3.302,1,37.300,3,O=C(O)Cc1ccc(-c2ccccc2)cc1
242.270,3.547,1,46.530,4,CC(Oc1ccc(-c2ccccc2)cc1)C(=O)O
202.209,1.316,1,55.130,2,Cc1occc1C(=O)Nc1ccncc1
190.220,-0.972,1,72.200,2,CNS(=O)(=O)Cc1cc(C)on1
234.316,0.258,0,57.690,2,CN(CC(=O)N1CCCCC1)S(C)(=O)=O
193.199,1.067,1,47.560,1,CC(=O)Nc1cc2c(cc1C)OCO2
153.182,-0.206,0,38.130,2,CN(C)C(=O)Cn1cccn1
200.235,-0.707,1,72.630,3,COCC(=O)N1CCCC(C(N)=O)C1
224.323,2.215,1,41.990,3,Cc1ncsc1C(=O)NCC1CCCC1
171.197,-2.038,1,66.640,0,CC(=O)N1CCN(C(N)=O)CC1
142.176,1.848,1,37.300,1,Cc1ccsc1C(=O)O
199.634,1.718,1,52.320,3,CC(Oc1ccc(Cl)cc1)C(N)=O
220.268,0.550,1,55.560,3,Nc1cccc(OCC(=O)N2CCCC2)c1
241.737,2.296,0,20.310,1,O=C(c1ccc(Cl)cc1)N1CCSCC1
156.206,0.464,1,41.990,1,CNC(=O)c1cnc(C)s1
204.268,1.703,2,41.130,1,CC(=O)Nc1ccc(C)c2c1CCCN2
201.246,-0.267,1,76.290,1,CN(C)S(=O)(=O)c1ccc(N)nc1
223.255,0.083,1,72.700,2,Cc1cc(C(=O)Nc2cnns2)n(C)n1
219.283,1.368,1,35.580,1,CN1CCN(C(=O)Nc2ccccc2)CC1
170.138,1.633,1,46.530,3,O=C(O)COc1ccc(F)cc1
249.289,0.836,2,85.080,2,Nc1ccc(S(=O)(=O)Nc2ccccn2)cc1
223.243,1.890,0,29.540,3,O=C(COc1ccc(F)cc1)N1CCCC1
204.268,1.006,2,55.120,3,CC(N)c1ccc(NC(=O)C2CC2)cc1.Cl
190.199,0.623,1,76.110,3,CC(Oc1ccccc1C#N)C(N)=O
234.317,3.186,1,48.140,3,CC(C)Oc1ccc(-c2csc(N)n2)cc1
234.316,0.316,1,58.640,1,O=S(=O)(C1CCCNC1)N1CCOCC1
225.268,-0.416,2,71.090,2,O=C1CCC(NC(=O)c2cscn2)CN1
217.285,-0.939,1,63.240,2,CC1(NC(=O)C2CC2)CCS(=O)(=O)C1
199.248,2.952,1,35.250,3,Nc1ccccc1OCc1ccccc1
208.214,-0.069,1,60.450,2,O=C(Nc1ccccn1)C1COCCO1
232.321,0.871,1,46.330,4,NC(=O)C1CCN(CCc2ccccc2)CC1
229.660,1.296,1,47.560,3,COc1cc(NC(C)=O)c(OC)cc1Cl
175.191,1.121,1,69.620,1,Cc1ccc(-n2cnnn2)cc1N
235.304,-0.519,1,83.710,2,CC(C(N)=O)N1CCN(S(C)(=O)=O)CC1
190.199,0.623,1,76.110,3,CC(Oc1ccc(C#N)cc1)C(N)=O
207.201,1.367,0,33.450,1,CN(C)C(=O)c1cc2cccc(F)c2o1
157.167,-0.176,1,57.610,2,CN(C)C(=O)C1(C(=O)O)CC1
207.247,0.000,1,74.680,1,CS(=O)(=O)N1CCCC(C(=O)O)C1
186.232,-0.010,0,50.270,1,CN(C)S(=O)(=O)c1cccnc1
213.235,2.485,2,54.020,2,O=C(Nc1ccccc1)Nc1cccnc1
195.218,-2.515,1,87.190,2,N#CCC(=O)N1CCC(C(N)=O)CC1
248.301,2.877,1,51.220,3,COc1ccc2nc(NC(=O)C3CC3)sc2c1
200.258,-0.097,2,72.190,2,CS(=O)(=O)Nc1ccc(CN)cc1.Cl
207.229,-0.503,1,64.110,3,O=C(NCC1CCOC1)c1cnccn1
195.261,2.203,2,57.780,3,CCC(C)(C)NC(=O)c1cc(C)n[nH]1
239.312,2.977,1,23.470,3,OC1CN(C(c2ccccc2)c2ccccc2)C1
139.198,0.154,1,29.850,3,CCn1nccc1CNC.Cl.Cl
221.274,-0.407,1,74.680,2,CCS(=O)(=O)N1CCC(C(=O)O)CC1
265.280,1.788,1,57.610,3,O=C(O)C1CCCN(C(=O)Cc2ccc(F)cc2)C1
217.270,2.436,1,45.980,4,CN(C)c1ccc(CNn2cnnc2)cc1
241.285,2.871,2,49.330,2,Cc1ccc(NC(=O)c2ccccc2C)c(O)c1
242.316,3.812,1,52.890,4,N#Cc1cccc(NC(=O)CCC2CCCC2)c1
249.233,1.646,1,46.920,4,CC(C)(C)NC(=O)Cn1ccc(C(F)(F)F)n1
192.236,-0.818,1,80.470,1,CS(=O)(=O)N1CCCC1C(N)=O
212.312,2.230,1,41.990,3,CCC(C)(C)NC(=O)c1cnc(C)s1
205.256,0.210,0,38.250,1,c1cnc(N2CCC3(CCOC3)C2)cn1
227.326,1.929,2,58.040,3,Cc1nsc(NC2CCCC2(C)CO)n1
205.260,1.752,0,46.320,3,CCN(CC)c1cc(C)nc2ncnn12
277.243,1.478,0,47.360,3,CC1COCCN1C(=O)Cn1ccc(C(F)(F)F)n1
217.267,1.211,2,57.780,3,CC(C)C(=O)NCc1nc2ccccc2[nH]1
142.199,-2.006,1,46.330,0,CC(=O)N1CCC(N)CC1
192.258,0.951,2,55.120,2,Cc1ccc(N)cc1C(=O)NC(C)C
213.300,1.135,1,37.390,3,CN1CCOC(CNc2nccs2)C1
221.213,-1.300,3,115.280,3,CC(=O)Nc1cc(C(N)=O)cc(C(N)=O)c1
214.242,-0.442,2,89.260,2,CNC(=O)c1ccc(S(N)(=O)=O)cc1
175.187,1.230,2,57.780,1,CC(=O)Nc1ccc2c[nH]nc2c1
188.226,1.597,1,34.030,1,CNC(=O)c1cn(C)c2ccccc12
163.238,-2.266,1,46.170,1,CNC1CCS(=O)(=O)CC1.Cl
234.294,1.637,2,58.200,4,CC(=O)Nc1ccc(NC(=O)CC(C)C)cc1
170.209,-1.170,1,63.400,1,CC(=O)N1CCCC(C(N)=O)C1
181.192,-0.785,1,68.010,1,Cn1nnc2c1CC(C(=O)O)CC2
177.226,2.359,1,37.810,2,c1ccc(Nc2nncs2)cc1
144.172,-1.131,2,50.360,1,CNC(=O)C1CNCCO1
134.139,0.245,1,61.600,1,CNc1nccnc1C#N
234.226,2.490,2,54.270,3,O=C(NCc1ccco1)Nc1ccc(F)cc1
203.262,0.374,1,66.060,1,Cc1n[nH]c(C)c1S(=O)(=O)N(C)C
213.661,1.984,1,38.330,3,CNC(=O)C(C)Oc1ccc(Cl)cc1
143.141,-0.506,1,57.610,1,CC(=O)N1CC(C(=O)O)C1
157.214,0.262,1,35.580,0,CN(C)C(=O)N1CCNCC1
170.209,-2.456,1,63.400,1,CC(=O)N1CCC(C(N)=O)CC1
192.279,-0.637,2,58.200,2,CS(=O)(=O)NCC1CCNCC1
230.238,1.979,1,41.990,2,Cc1ccc(F)cc1NC(=O)c1ccncc1
235.304,-0.283,2,78.510,1,CN(C)S(=O)(=O)NC1CCCCNC1=O
209.220,0.802,2,54.020,2,O=C1NCCC[C@@H]1Nc1ncccc1F
241.285,3.211,2,49.330,2,Cc1cccc(C(=O)Nc2ccc(C)cc2O)c1
193.242,0.560,1,32.700,2,OCc1ccccc1N1CCOCC1
153.197,1.962,1,12.030,2,CNC(C)c1ccc(F)cc1.Cl
246.328,2.963,1,41.990,3,CC(=O)Nc1ncc(Cc2cccc(C)c2)s1
205.644,2.286,1,51.800,1,Nc1ncncc1-c1ccc(Cl)cc1
197.297,0.728,1,23.470,2,OC1CCN(Cc2ccsc2)CC1
157.210,0.057,2,49.330,2,CC(=O)NCC1(O)CCCC1
245.249,2.572,1,38.330,3,COc1ccc(C(=O)Nc2ccccc2F)cc1
243.306,-0.396,0,64.850,3,CS(=O)(=O)c1nccn1Cc1cscn1
210.256,0.310,1,83.010,3,Cc1nsc(N(C)CC(N)=O)c1C#N
201.268,1.988,0,30.270,1,CN1CCN(c2ccc(C#N)cc2)CC1
247.171,2.708,1,55.400,4,COC(=O)c1ccc(NC(=O)C(F)(F)F)cc1
212.199,1.257,1,64.990,4,COc1cc(C(=O)O)cc(OC)c1OC
227.283,0.954,1,64.110,3,CCc1nnc(NC(=O)C2CCCO2)s1
228.243,3.791,1,46.530,4,O=C(O)c1ccc(OCc2ccccc2)cc1
206.284,0.859,1,38.490,2,CC(N)c1ccc(N2CCOCC2)cc1
204.268,1.101,1,32.340,2,CN(C(=O)C1CCNC1)c1ccccc1.Cl
209.217,1.903,0,29.540,0,CC(=O)N1CC(C)Oc2c(F)cccc21
242.702,2.331,3,61.360,4,CCC(CO)NC(=O)Nc1ccc(Cl)cc1
208.260,-1.378,2,72.940,2,Cl.Cn1cc(C(N)=O)c(C2CCCNC2)n1
206.198,-0.135,1,59.920,2,COc1ccc2cn[nH]c(=O)c2c1OC
218.318,3.474,1,38.910,1,Cc1ccc(-c2nc(N)sc2C)cc1C
202.213,0.260,1,59.290,2,O=C(NC1CC1)c1cnn2cccnc12
174.199,1.021,1,52.890,2,CCC(=O)Nc1ccccc1C#N
241.285,2.414,1,38.330,4,CC(=O)Nc1ccccc1OCc1ccccc1
136.194,1.954,1,24.920,2,CC(C)Nc1cccnc1
187.241,1.010,2,54.700,0,Cc1n[nH]c(C)c1-c1ccccc1N
184.237,1.485,1,38.910,2,Nc1ccc(Cc2ccncc2)cc1
205.213,0.120,1,60.060,3,Cn1cc(CNC(=O)c2ccco2)cn1
258.112,1.872,1,38.330,3,COc1ccc(Br)cc1CNC(C)=O
245.340,2.863,1,29.100,4,Cc1ccc(CNC(=O)Cc2cccs2)cc1
228.290,2.545,1,36.360,2,Oc1ccc(CN2CCCC2)c2cccnc12
205.296,2.283,0,20.310,3,CC(C)N(C(=O)c1ccccc1)C(C)C
213.257,0.528,1,64.110,2,CC1CCOC1C(=O)Nc1cnns1
234.316,-0.278,1,66.480,2,CCC(=O)N1CCCC(NS(C)(=O)=O)C1
142.156,-0.885,3,61.360,2,Cc1[nH][nH]c(=O)c1CCO
205.228,0.709,0,29.020,2,FC(F)c1nnc(N2CCCC2)s1
196.221,1.803,2,45.150,2,C[C@]1(O)C[C@@H](Nc2ncccc2F)C1
219.207,1.984,1,31.920,3,FC(F)(F)c1cc(CN2CCCC2)n[nH]1
164.165,0.348,1,63.830,0,Cc1nn(C)c2c(O)nncc12
221.274,1.145,2,83.470,2,CS(=O)(=O)NC1(C(=O)O)CCCCC1
206.201,-0.148,1,72.950,2,Cc1cc(C(=O)Nc2cnn(C)c2)no1
160.173,1.192,1,52.890,1,CC(=O)Nc1ccc(C#N)cc1
228.268,-0.887,2,89.260,3,CC(=O)NCc1ccc(S(N)(=O)=O)cc1
272.223,1.576,1,49.410,2,O=C1CN(C(=O)c2ccccc2C(F)(F)F)CCN1
185.267,-0.906,1,49.570,2,CN(C)C(=O)CN1CCC(N)CC1
179.237,-1.506,1,57.610,0,CS(=O)(=O)N1CCC(O)CC1
183.274,0.219,1,28.160,2,c1nc(CN2CCNCC2)cs1
236.285,1.995,1,32.340,1,Cc1ccc(F)c(C(=O)N2CCNC(C)C2)c1.Cl
208.260,-0.901,1,59.810,3,CCC(=O)NCc1nnc2n1CCCC2
196.250,0.366,1,54.190,2,CN(C)c1noc(C2CCNCC2)n1
193.246,1.125,1,46.920,3,CCn1cc(NC(=O)C2CCC2)cn1
298.376,1.748,1,49.410,3,O=S(=O)(NC1CCN(C2CC2)CC1)c1cccc(F)c1
233.290,1.524,2,68.010,2,CC(=O)Nc1ccc(-c2csc(N)n2)cc1
190.242,0.794,2,41.130,1,CC(=O)NC1CNc2ccccc2C1
205.256,1.094,2,54.020,2,Cc1cccc(NC(=O)[C@@H]2CCCN2)n1
194.618,1.404,1,52.890,2,N#CCC(=O)Nc1ccc(Cl)cc1
177.203,0.235,1,45.230,1,O=C1CNCCN1c1cccnc1
180.204,-0.591,2,62.220,3,CC(O)C(=O)NCc1ccccn1
162.232,0.906,1,24.920,3,CC(NC1CC1)c1cccnc1
175.191,1.171,1,69.620,1,Cc1ccc(-n2nnnc2N)cc1
180.128,0.509,0,32.670,2,CCN1N=C(C(F)(F)F)CC1=O
163.173,1.038,1,38.330,1,COc1cccc2c1CNC2=O
142.242,1.271,1,29.260,2,CC1CCCCN1CCN
245.234,1.020,2,84.220,3,Cn1ccc(C(=O)Nc2cccc(C(=O)O)c2)n1
151.166,0.205,2,71.770,2,NC(=O)c1c[nH]c(C2CC2)n1
145.200,-1.369,2,41.490,2,CNC1(CO)CCOCC1
244.289,1.824,1,45.590,2,Oc1ccc(CN2CCOCC2)c2cccnc12
161.106,0.162,1,38.330,2,O=c1ccc(OC(F)F)c[nH]1
152.177,-0.063,1,54.460,1,c1csc(-c2nnc[nH]2)n1
175.187,0.875,1,64.940,1,Cc1nc(-c2ccc(N)cc2)no1
157.253,0.751,1,23.470,2,CC(C)N1CCCC(CO)C1
150.178,0.341,1,41.990,1,CC(=O)Nc1ccncc1C
229.318,0.888,1,42.150,3,Cc1nc(CN2C[C@@H](F)C[C@H]2CN)cs1
139.198,-0.066,1,29.850,2,CNC(C)c1cnn(C)c1
156.139,-0.866,1,78.350,3,COCc1cc(C(N)=O)no1
156.249,0.882,1,24.920,3,CCc1ncc(CNC)s1
223.197,0.515,1,69.390,3,NS(=O)(=O)c1ccccc1OC(F)F
204.268,1.296,2,41.130,2,Cl.O=C(NC1CCCNC1)c1ccccc1
207.269,1.201,1,32.700,3,OCC1CN(Cc2ccccc2)CCO1
192.258,0.948,1,46.330,3,CCN(CC)C(=O)c1ccc(N)cc1
143.227,1.000,2,32.260,3,CC1CCCC1NCCO
153.154,1.055,1,43.090,1,Cc1ccc(C(N)=O)c(F)c1
212.267,0.160,1,47.080,3,Cn1nccc1CN1C[C@@H](F)C[C@H]1CN
167.208,0.084,1,50.950,2,CCc1nc(C2CCCN2)no1
170.252,0.188,1,46.330,1,CN(C)C(=O)C1CCCC(N)C1
192.258,1.921,2,55.120,3,CCC(C)NC(=O)c1ccccc1N
231.122,3.121,1,15.270,1,Clc1ccc(N2CCNCC2)cc1Cl
184.164,1.742,1,46.530,3,CC(Oc1ccccc1F)C(=O)O
170.275,1.111,1,24.920,2,CNC(C)c1sc(C)nc1C
219.280,1.413,1,38.330,3,COc1ccc(C(=O)C2CCNCC2)cc1
142.242,1.271,1,29.260,2,CC1CCN(CCN)CC1
131.173,-0.408,1,32.700,2,OCCN1CCOCC1
166.224,0.284,1,42.740,2,Cl.Cl.c1cn(CC2CCCCN2)nn1
180.204,0.325,2,64.350,3,COc1ccc(NC(=O)CN)cc1.Cl
144.215,0.108,1,38.490,2,CC1COCCN1CCN
185.243,0.756,1,46.170,2,CNc1ccccc1S(C)(=O)=O
210.296,0.506,1,41.990,1,CNC(=O)C1CCCc2sc(C)nc21
187.241,1.681,1,29.850,3,Cn1ccc(NCc2ccccc2)n1
196.221,1.022,1,34.150,2,Fc1ccc(NC2CCOCC2)nc1
189.235,0.004,1,77.980,2,CC(C)n1cnc(S(N)(=O)=O)c1
141.254,2.661,1,12.030,3,CNCCC1CCCCC1
174.242,2.029,2,27.820,3,CCNCc1cccc2[nH]ccc12
204.268,1.987,1,28.260,3,COc1ccc2[nH]cc(CN(C)C)c2c1
184.279,-0.009,2,41.130,3,CC(C)C(=O)NCC1CCCNC1
179.242,1.792,1,41.570,2,CCc1csc(-c2c[nH]cn2)n1
193.199,2.300,1,57.610,2,CC(=O)N(C)c1ccccc1C(=O)O
203.240,0.592,1,64.940,3,CC(N)c1nc(Cc2ccccc2)no1.Cl
199.252,0.837,1,51.800,2,CC(N)c1ccc(-c2cncnc2)cc1
207.244,1.506,1,29.100,3,CNC(=O)C1(Cc2ccccc2F)CC1
191.111,-0.116,1,68.870,2,NC(=O)c1cnc(C(F)(F)F)nc1
205.213,-0.258,0,58.700,2,Cc1cc(Cn2nc(C)ccc2=O)on1
197.231,0.394,1,53.710,4,COc1cc(CN)cc(OC)c1OC
219.161,2.636,1,52.320,3,CCOC(=O)c1c(F)cc(F)c(F)c1N
194.234,0.817,1,50.280,2,COc1ccnc(N2CCNCC2)n1
194.230,0.234,2,64.350,3,COc1ccc(C)cc1NC(=O)CN.Cl
194.184,1.089,1,63.600,4,CC(=O)c1ccc(OCC(=O)O)cc1
155.155,0.418,1,68.010,2,CC(C)n1cc(C(=O)O)nn1
209.260,1.285,1,21.260,3,Cl.Fc1ccccc1CNC1CCOCC1
180.247,1.000,1,38.050,2,CC(O)c1cnn(C2CCCC2)c1
140.183,-0.073,1,38.060,2,CNCc1c(C)noc1C
178.231,1.577,1,34.150,3,c1cc(NCC2CCCO2)ccn1
144.215,-0.022,1,38.490,2,CC(N)CN1CCOCC1
191.150,2.122,1,35.250,3,NCc1ccccc1OC(F)(F)F
184.279,-0.157,1,24.500,2,C1CN(CC2CCOCC2)CCN1
193.199,-0.217,2,66.400,3,CC(=O)Nc1ccccc1CC(=O)O
223.229,-1.277,1,79.780,1,NC(=O)N1CCN(C(=O)c2ccco2)CC1
205.231,1.852,2,40.710,3,Cc1n[nH]cc1CNc1ccccc1F
203.240,0.750,1,60.910,3,Cc1nc2ccccc2n1CCC(N)=O
194.234,-0.196,2,72.940,2,Cn1cc(N)c(C(=O)NC2CCC2)n1
141.211,-0.112,1,21.260,3,C1CC(CNC2CC2)CO1
197.236,1.207,0,41.610,2,Cc1nccn1Cc1cccc(C#N)c1
184.211,1.156,1,36.360,3,C[C@@H](CO)N(C)c1ncccc1F
198.262,0.663,0,32.780,1,CN1CCN(C(=O)C2CCCO2)CC1
175.187,0.875,1,64.940,1,Cc1nc(-c2cccc(N)c2)no1
197.163,0.861,2,66.400,2,CC(=O)Nc1cc(C(=O)O)ccc1F
169.181,-0.458,1,68.010,3,Cc1nc(C)n(CCC(=O)O)n1
225.311,-0.145,1,45.230,1,Cc1ncsc1C(=O)N1CCCNCC1.Cl
218.249,1.104,1,63.400,2,CN(Cc1cccc(F)c1)S(N)(=O)=O
244.286,1.412,1,49.410,1,O=S(=O)(c1ccc(F)cc1)N1CCNCC1
222.240,0.140,2,61.800,1,O=C(Nc1ccc(O)cc1)N1CCOCC1
205.662,1.636,1,46.170,1,CNS(=O)(=O)c1ccccc1Cl
226.249,3.242,0,17.820,2,Fc1ccc(Cn2cnc3ccccc32)cc1
169.178,-1.375,1,53.680,3,CN(C)Cc1ccc(C(=O)O)o1.Cl
150.201,1.975,1,28.680,1,c1csc(-c2ncc[nH]2)c1
165.192,-0.023,1,48.990,1,Cl.O=C(c1cn[nH]c1)N1CCCC1
162.189,0.635,2,55.120,1,Cl.NC(=O)c1ccc2c(c1)CCN2
205.644,2.496,1,51.800,1,Nc1nccc(-c2ccc(Cl)cc2)n1
207.272,1.684,1,46.920,3,CCn1cc(NC(=O)C2CCCC2)cn1
204.225,1.208,1,49.410,2,O=C1CN(Cc2ccccc2)CC(=O)N1
137.182,1.337,1,37.810,2,CC(C)Nc1ncccn1
155.625,2.223,1,12.030,2,CNCc1cccc(Cl)c1
152.194,0.619,1,36.360,3,CN(CCO)c1ccccn1
170.181,1.780,1,29.460,3,CC(O)COc1cccc(F)c1
139.198,0.154,1,29.850,3,CCn1ccc(CNC)n1
209.260,2.551,0,12.470,2,CC1COCCN1Cc1ccccc1F
199.270,1.229,1,46.170,3,CS(=O)(=O)NCCc1ccccc1
183.274,1.572,0,29.020,1,Cc1nnc(N2CCCCC2)s1
209.209,1.293,0,20.310,2,CC1CCN(C(=O)CC(F)(F)F)CC1
163.165,0.303,1,43.090,1,NC(=O)C1CCC(F)(F)CC1
168.196,-0.991,1,64.150,2,CN(C)C(=O)Cn1cc(N)cn1
155.198,-0.048,1,64.940,2,Cc1noc(C(N)C(C)C)n1
210.253,-0.307,1,62.820,2,CS(=O)(=O)Cc1nc2ccccc2[nH]1
215.291,3.419,0,16.380,4,Cc1ccc(CN(C)Cc2ccccc2)o1
233.309,1.178,1,35.580,2,CC(=O)Nc1ccc(N2CCN(C)CC2)cc1
182.220,0.431,0,46.340,3,CCN(CC)C(=O)c1cc(C)no1
177.243,1.555,0,20.310,1,Cc1cccc(C(=O)N(C)C)c1C
218.316,-2.076,1,49.410,1,Cl.Cl.O=S1(=O)CCC(N2CCNCC2)CC1
178.253,-0.302,1,63.400,1,CS(=O)(=O)N1CCC[C@@H]1CN
246.076,1.715,0,20.310,1,CN(C)C(=O)c1ccc(F)cc1Br
248.301,1.703,2,72.190,2,Nc1ccc(S(=O)(=O)Nc2ccccc2)cc1
196.221,1.450,0,25.360,2,CN(c1ncccc1F)C1CCOC1
245.360,2.976,0,20.310,4,CC1CCN(C(=O)CCCc2ccccc2)CC1
213.300,1.362,0,38.250,1,Cc1nsc(N2CCOC(C)C2C)n1
145.183,-0.658,1,61.030,2,COCc1nnc(N)s1
109.129,0.499,1,37.810,1,CNc1ncccn1
191.187,0.620,1,68.010,2,Cc1cnc2c(cnn2CC(=O)O)c1
211.344,3.280,1,21.260,4,CCC1CCC(NC[C@H]2CCCO2)CC1.Cl
232.278,2.312,2,50.360,3,O=C(NCC1CC1)Nc1ccc2c(c1)CCO2
225.192,1.817,1,54.880,3,CCc1nnc(NC(=O)C(F)(F)F)s1
204.228,0.983,0,56.740,2,Cn1ccnc1-c1noc(C2CCC2)n1
178.231,0.966,1,32.340,3,CN(C)C(=O)CNc1ccccc1
175.209,-0.164,1,66.060,1,CN(C)S(=O)(=O)c1cn[nH]c1
200.255,-0.146,1,54.370,3,CS(=O)(=O)CC(O)c1ccccc1
205.228,1.987,1,25.170,4,Cl.Fc1cccc(CNCc2ccco2)c1
223.580,3.241,1,29.100,2,O=C(Nc1cccc(Cl)c1)C(F)(F)F
205.260,1.267,0,46.840,2,CC(C)N(C)c1ncnc2c1cnn2C
208.303,0.640,1,33.090,2,CC1CN(C)CCC1Nc1cnn(C)c1
187.241,1.564,1,29.850,3,CNCc1cnn(-c2ccccc2)c1.Cl
167.205,0.752,1,44.480,3,COc1ccc(CN)cc1OC
176.215,-1.145,1,46.330,0,CC(=O)N1Cc2ccc(N)cc2C1
178.253,-1.256,2,58.200,1,CS(=O)(=O)NC1CCNCC1.Cl
242.316,1.379,1,36.100,1,CC(=O)N1CCC(c2c[nH]c3ccccc23)CC1
203.240,0.531,0,49.150,1,N#Cc1ccc(N2CCCOCC2)cn1
210.620,0.422,0,52.830,2,Cn1cc(Oc2ncncc2Cl)cn1
